{
  "description": {
    "title": "Robótica e Componentes Eletrônicos é na MEKHOS",
    "text": "Pense em dois engenheiros NERDS que gostam de tecnologia e robótica, SOMOS NÓS ! Sem contar que temos mais de 10 anos fornecendo kits de robótica, componentes eletrônicos e treinamentos no universo Maker em todo Brasil."
  },
  "links_1": {
    "list_pages": true,
    "title": "Páginas",
    "list": [
      {
        "text": "Contato"
      },
      {
        "text": "Dúvidas frequentes"
      },
      {
        "text": "Envios e Prazos"
      },
      {
        "text": "Formas de pagamento"
      },
      {
        "text": "Política de privacidade"
      },
      {
        "text": "Sobre a MEKHOS"
      },
      {
        "text": "Termos de serviço"
      },
      {
        "text": "Trocas e devoluções"
      }
    ]
  },
  "links_2": {
    "list_categories": true,
    "title": "Categorias",
    "list": [
      {
        "text": "Arduino"
      },
      {
        "text": "Raspberry Pi"
      },
      {
        "text": "Robótica e motores"
      },
      {
        "text": "Componentes eletrônicos"
      },
      {
        "text": "Impressão 3D"
      },
      {
        "text": "Acessórios e ferramentas"
      },
      {
        "text": "Wireless & IOT"
      },
      {
        "text": "Treinamentos"
      },
      {
        "text": "Kits"
      }
    ]
  },
  "contacts": {
    "title": "Contatos",
    "phone_wpp": true,
    "socials": true,
    "email": true,
    "address": true
  },
  "stamps": [
    {
      "src": "/img/uploads/ssl-safe.png",
      "alt": "Secure connection"
    }
  ],
  "payment_methods": {
    "bb": false,
    "visa": true,
    "boleto": true,
    "aura": false,
    "banrisul": false,
    "elo": true,
    "hipercard": true,
    "hsbc": false,
    "bradesco": false,
    "santander": false,
    "mastercard": true,
    "paypal": true,
    "citibank": false,
    "hiper": true,
    "diners": true,
    "mais": false,
    "amex": true,
    "itau": false
  },
  "credits": ""
}