{
  "marketing_stripe": {
    "text": "ÚLTIMAS UNIDADES, até 25% OFF!!! Confira",
    "link": "",
    "color": "#ff8611",
    "background": "#000000"
  },
  "contacts_stripe": {
    "pages": [
      {
        "title": "Veja nossos KITS!",
        "link": ""
      },
      {
        "title": "Conheça nossos TREINAMENTOS!",
        "link": ""
      }
    ],
    "phone_wpp": true,
    "socials": true
  },
  "categories_list": {
    "featured": [
      "/arduino?Arduino",
      "/raspberry-pi?Raspberry Pi",
      "/robotica-e-motores?Robótica e Motores",
      "/componentes-eletronicos?Componentes Eletrônicos",
      "/impressao-3d?Impressão 3D",
      "/acessorios-e-ferramentas?Acessórios e Ferramentas",
      "/wireless--iot?Wireless & IOT",
      "/treinamentos?Treinamentos",
      "/kits?Kits"
    ],
    "random": 0,
    "full_width": true
  },
  "search_input": true
}