{
  "meta_title": "MEKHOS - Robótica e Componentes Eletrônicos",
  "meta_description": "Sim, SOMOS NERDS e adoramos tecnologia! Somos usuários como você e sabemos sua dificuldade de encontrar conhecimento técnico de qualidade, mas saiba que temos mais de 10 anos de experiência fornecendo kits de robótica, componentes eletrônicos e treinamentos no universo maker no Brasil, tanto para o setor público quanto para o privado.",
  "sections": [
    {
      "type": "banner-slider",
      "autoplay": 0,
      "slides": [
        {
          "img": "/img/uploads/dynamo-electronics-co.-7-.jpg",
          "link": "",
          "alt": "Headset banner",
          "start": "",
          "end": "",
          "mobile_img": "/img/uploads/copia-de-dynamo-electronics-co.-1-.jpg"
        }
      ]
    },
    {
      "type": "info-bar",
      "enabled": true
    },
    {
      "type": "collection-shelf",
      "shuffle": true,
      "collection_id": "6065192d3c48b468b9ae1fd2:collections:Veja Nossos Produtos MAIS VENDIDOS (🤓Confira🤓):/veja-nossos-produtos-mais-vendidos-confira",
      "limit": 12,
      "page": 1,
      "sort": "sales"
    },
    {
      "type": "collection-shelf",
      "shuffle": false,
      "limit": 12,
      "page": 1,
      "collection_id": "6047dfc56d50911b6059cc58:collections:Nossos MÓDULOS E SENSORES (🤓Confira🤓):/modulos-e-sensores",
      "sort": "sales"
    },
    {
      "type": "banners-grid",
      "banners": [
        {
          "img": "/img/uploads/sensores.jpg",
          "link": "https://www.mekhos.com.br/arduinos"
        },
        {
          "img": "/img/uploads/sensores-1-1-.jpg",
          "link": "https://www.mekhos.com.br/modulo-gsm-sim800l"
        },
        {
          "img": "/img/uploads/sensores-2-1-.jpg",
          "link": "https://www.mekhos.com.br/cartao-micro-sd-16gb-classe-10"
        }
      ]
    },
    {
      "type": "collection-shelf",
      "shuffle": false,
      "limit": 12,
      "page": 1,
      "collection_id": "6059de374b9484460868bd2b:collections:Ei, olha o que ACABOU DE CHEGAR (🤓Confira🤓):/lancamento"
    },
    {
      "type": "collection-shelf",
      "shuffle": false,
      "limit": 12,
      "page": 1,
      "collection_id": "6047dfaf6d50911b6059cc2d:collections:Veja Nossa Coleção de ARDUINO (🤓Confira🤓):/arduinos"
    }
  ]
}